<edmx:Edmx xmlns:edmx="http://schemas.microsoft.com/ado/2007/06/edmx"
	xmlns:m="http://schemas.microsoft.com/ado/2007/08/dataservices/metadata" xmlns:sap="http://www.sap.com/Protocols/SAPData" Version="1.0">
	<edmx:DataServices m:DataServiceVersion="2.0">
		<Schema xmlns="http://schemas.microsoft.com/ado/2008/09/edm" Namespace="ZMATCHCODE_SRV" xml:lang="es" sap:schema-version="1">
			<EntityType Name="matchcode" sap:content-version="1">
				<Key><PropertyRef Name="codigo"/><PropertyRef Name="descripcion"/></Key><Property Name="campo" Type="Edm.String" Nullable="false" sap:creatable="false" sap:updatable="false" sap:sortable="false"/><Property Name="valor" Type="Edm.String" Nullable="false" sap:creatable="false" sap:updatable="false" sap:sortable="false"/><Property Name="codigo" Type="Edm.String" Nullable="false" sap:creatable="false" sap:updatable="false" sap:sortable="false"
					sap:filterable="false"/><Property Name="descripcion" Type="Edm.String" Nullable="false" sap:creatable="false" sap:updatable="false" sap:sortable="false"
					sap:filterable="false"/></EntityType>
			<EntityContainer Name="ZMATCHCODE_SRV_Entities" m:IsDefaultEntityContainer="true" sap:supported-formats="atom json xlsx"><EntitySet Name="matchcodeSet" EntityType="ZMATCHCODE_SRV.matchcode" sap:creatable="false" sap:updatable="false" sap:deletable="false"
				sap:searchable="true" sap:pageable="false" sap:addressable="false" sap:content-version="1"/></EntityContainer><atom:link xmlns:atom="http://www.w3.org/2005/Atom" rel="self" href="./sap/ZMATCHCODE_SRV/$metadata"/><atom:link xmlns:atom="http://www.w3.org/2005/Atom" rel="latest-version" href="./sap/ZMATCHCODE_SRV/$metadata"/></Schema>
	</edmx:DataServices>
</edmx:Edmx>